,Graduation_4_Year_School_Pct_Year_2,College_Enrollment_School_Pct_Year_2,Transition_Gap,disadvantage_score
count,123.0,123.0,123.0,123.0
mean,78.80000000000001,60.0439024390244,18.756097560975615,1.0820655937204082
std,17.272706604427196,18.60625730434925,12.321347238061898,2.174835089417333
min,2.9,2.9,-12.0,-2.353823628882482
25%,73.6,47.8,8.800000000000004,-0.5632720498470913
50%,82.7,62.5,17.900000000000006,0.5696738147449628
75%,90.1,73.15,25.799999999999997,2.5640339565865227
max,97.4,95.1,55.2,6.676237733690056
