Model,Dependent Variable,Independent Variable,Coefficient,Std Error,P-value,R-squared,N
Graduation ~ Disadvantage,Graduation Rate (%),Disadvantage Score,-1.4974017757177498,0.7090580801508755,0.036758891291084804,0.03554745869104892,123.0
Enrollment ~ Disadvantage,College Enrollment Rate (%),Disadvantage Score,-2.399927709243831,0.7465216579287378,0.0016738857791647778,0.07869206427369135,123.0
Transition Gap ~ Disadvantage,Transition Gap (%),Disadvantage Score,0.90252593352608,0.5084606031543856,0.0784095677812814,0.025377898075445215,123.0
